INSERT INTO app_lcm_schema.app_instance (app_on_boarding_app_id,health_status,target_status,created_timestamp,updated_timestamp,additional_parameters) VALUES (1,'INSTANTIATED','INSTANTIATED',current_timestamp,current_timestamp,NULL);
INSERT INTO app_lcm_schema.app_instance (app_on_boarding_app_id,health_status,target_status,created_timestamp,updated_timestamp,additional_parameters) VALUES (2,'INSTANTIATED','INSTANTIATED',current_timestamp,current_timestamp,NULL);
INSERT INTO app_lcm_schema.app_instance (app_on_boarding_app_id,health_status,target_status,created_timestamp,updated_timestamp,additional_parameters) VALUES (3,'INSTANTIATED','INSTANTIATED',current_timestamp,current_timestamp,NULL);
INSERT INTO app_lcm_schema.app_instance (app_on_boarding_app_id,health_status,target_status,created_timestamp,updated_timestamp,additional_parameters) VALUES (4,'INSTANTIATED','INSTANTIATED',current_timestamp,current_timestamp,NULL);
INSERT INTO app_lcm_schema.app_instance (app_on_boarding_app_id,health_status,target_status,created_timestamp,updated_timestamp,additional_parameters) VALUES (5,'INSTANTIATED','INSTANTIATED',current_timestamp,current_timestamp,NULL);
INSERT INTO app_lcm_schema.app_instance (app_on_boarding_app_id,health_status,target_status,created_timestamp,updated_timestamp,additional_parameters) VALUES (6,'INSTANTIATED','INSTANTIATED',current_timestamp,current_timestamp,NULL);
INSERT INTO app_lcm_schema.app_instance (app_on_boarding_app_id,health_status,target_status,created_timestamp,updated_timestamp,additional_parameters) VALUES (7,'INSTANTIATED','INSTANTIATED',current_timestamp,current_timestamp,NULL);
INSERT INTO app_lcm_schema.app_instance (app_on_boarding_app_id,health_status,target_status,created_timestamp,updated_timestamp,additional_parameters) VALUES (8,'INSTANTIATED','INSTANTIATED',current_timestamp,current_timestamp,NULL);
INSERT INTO app_lcm_schema.app_instance (app_on_boarding_app_id,health_status,target_status,created_timestamp,updated_timestamp,additional_parameters) VALUES (9,'INSTANTIATED','INSTANTIATED',current_timestamp,current_timestamp,NULL);
INSERT INTO app_lcm_schema.app_instance (app_on_boarding_app_id,health_status,target_status,created_timestamp,updated_timestamp,additional_parameters) VALUES (10,'INSTANTIATED','INSTANTIATED',current_timestamp,current_timestamp,NULL);
INSERT INTO app_lcm_schema.app_instance (app_on_boarding_app_id,health_status,target_status,created_timestamp,updated_timestamp,additional_parameters) VALUES (11,'INSTANTIATED','INSTANTIATED',current_timestamp,current_timestamp,NULL);
INSERT INTO app_lcm_schema.app_instance (app_on_boarding_app_id,health_status,target_status,created_timestamp,updated_timestamp,additional_parameters) VALUES (12,'INSTANTIATED','INSTANTIATED',current_timestamp,current_timestamp,NULL);
INSERT INTO app_lcm_schema.app_instance (app_on_boarding_app_id,health_status,target_status,created_timestamp,updated_timestamp,additional_parameters) VALUES (13,'INSTANTIATED','INSTANTIATED',current_timestamp,current_timestamp,NULL);
INSERT INTO app_lcm_schema.app_instance (app_on_boarding_app_id,health_status,target_status,created_timestamp,updated_timestamp,additional_parameters) VALUES (14,'INSTANTIATED','INSTANTIATED',current_timestamp,current_timestamp,NULL);
INSERT INTO app_lcm_schema.app_instance (app_on_boarding_app_id,health_status,target_status,created_timestamp,updated_timestamp,additional_parameters) VALUES (15,'INSTANTIATED','INSTANTIATED',current_timestamp,current_timestamp,NULL);
INSERT INTO app_lcm_schema.app_instance (app_on_boarding_app_id,health_status,target_status,created_timestamp,updated_timestamp,additional_parameters) VALUES (16,'INSTANTIATED','INSTANTIATED',current_timestamp,current_timestamp,NULL);
INSERT INTO app_lcm_schema.app_instance (app_on_boarding_app_id,health_status,target_status,created_timestamp,updated_timestamp,additional_parameters) VALUES (17,'INSTANTIATED','INSTANTIATED',current_timestamp,current_timestamp,NULL);
INSERT INTO app_lcm_schema.app_instance (app_on_boarding_app_id,health_status,target_status,created_timestamp,updated_timestamp,additional_parameters) VALUES (18,'INSTANTIATED','INSTANTIATED',current_timestamp,current_timestamp,NULL);
INSERT INTO app_lcm_schema.app_instance (app_on_boarding_app_id,health_status,target_status,created_timestamp,updated_timestamp,additional_parameters) VALUES (19,'INSTANTIATED','INSTANTIATED',current_timestamp,current_timestamp,NULL);
INSERT INTO app_lcm_schema.app_instance (app_on_boarding_app_id,health_status,target_status,created_timestamp,updated_timestamp,additional_parameters) VALUES (20,'INSTANTIATED','INSTANTIATED',current_timestamp,current_timestamp,NULL);
INSERT INTO app_lcm_schema.app_instance (app_on_boarding_app_id,health_status,target_status,created_timestamp,updated_timestamp,additional_parameters) VALUES (21,'INSTANTIATED','INSTANTIATED',current_timestamp,current_timestamp,NULL);
INSERT INTO app_lcm_schema.app_instance (app_on_boarding_app_id,health_status,target_status,created_timestamp,updated_timestamp,additional_parameters) VALUES (22,'INSTANTIATED','INSTANTIATED',current_timestamp,current_timestamp,NULL);
INSERT INTO app_lcm_schema.app_instance (app_on_boarding_app_id,health_status,target_status,created_timestamp,updated_timestamp,additional_parameters) VALUES (23,'INSTANTIATED','INSTANTIATED',current_timestamp,current_timestamp,NULL);
INSERT INTO app_lcm_schema.app_instance (app_on_boarding_app_id,health_status,target_status,created_timestamp,updated_timestamp,additional_parameters) VALUES (24,'INSTANTIATED','INSTANTIATED',current_timestamp,current_timestamp,NULL);
INSERT INTO app_lcm_schema.app_instance (app_on_boarding_app_id,health_status,target_status,created_timestamp,updated_timestamp,additional_parameters) VALUES (25,'INSTANTIATED','INSTANTIATED',current_timestamp,current_timestamp,NULL);
INSERT INTO app_lcm_schema.app_instance (app_on_boarding_app_id,health_status,target_status,created_timestamp,updated_timestamp,additional_parameters) VALUES (26,'INSTANTIATED','INSTANTIATED',current_timestamp,current_timestamp,NULL);
INSERT INTO app_lcm_schema.app_instance (app_on_boarding_app_id,health_status,target_status,created_timestamp,updated_timestamp,additional_parameters) VALUES (27,'INSTANTIATED','INSTANTIATED',current_timestamp,current_timestamp,NULL);
INSERT INTO app_lcm_schema.app_instance (app_on_boarding_app_id,health_status,target_status,created_timestamp,updated_timestamp,additional_parameters) VALUES (28,'INSTANTIATED','INSTANTIATED',current_timestamp,current_timestamp,NULL);
INSERT INTO app_lcm_schema.app_instance (app_on_boarding_app_id,health_status,target_status,created_timestamp,updated_timestamp,additional_parameters) VALUES (29,'INSTANTIATED','INSTANTIATED',current_timestamp,current_timestamp,NULL);
INSERT INTO app_lcm_schema.app_instance (app_on_boarding_app_id,health_status,target_status,created_timestamp,updated_timestamp,additional_parameters) VALUES (30,'INSTANTIATED','INSTANTIATED',current_timestamp,current_timestamp,NULL);

INSERT INTO app_lcm_schema.artifact_instance (app_instance_id,app_on_boarding_artifact_id,status_message,workload_instance_id,operation_id,health_status,created_timestamp,updated_timestamp) VALUES (1,1,NULL,'0bb81f2d-15b8-4049-9681-eb51310763eb','3233a664-1922-4637-8319-cd6fd3ec566b','INSTANTIATED',current_timestamp,current_timestamp);
INSERT INTO app_lcm_schema.artifact_instance (app_instance_id,app_on_boarding_artifact_id,status_message,workload_instance_id,operation_id,health_status,created_timestamp,updated_timestamp) VALUES (2,2,NULL,'0bb81f2d-15b8-4049-9681-eb51310763eb','3233a664-1922-4637-8319-cd6fd3ec566b','INSTANTIATED',current_timestamp,current_timestamp);
INSERT INTO app_lcm_schema.artifact_instance (app_instance_id,app_on_boarding_artifact_id,status_message,workload_instance_id,operation_id,health_status,created_timestamp,updated_timestamp) VALUES (3,3,NULL,'0bb81f2d-15b8-4049-9681-eb51310763eb','3233a664-1922-4637-8319-cd6fd3ec566b','INSTANTIATED',current_timestamp,current_timestamp);
INSERT INTO app_lcm_schema.artifact_instance (app_instance_id,app_on_boarding_artifact_id,status_message,workload_instance_id,operation_id,health_status,created_timestamp,updated_timestamp) VALUES (4,4,NULL,'0bb81f2d-15b8-4049-9681-eb51310763eb','3233a664-1922-4637-8319-cd6fd3ec566b','INSTANTIATED',current_timestamp,current_timestamp);
INSERT INTO app_lcm_schema.artifact_instance (app_instance_id,app_on_boarding_artifact_id,status_message,workload_instance_id,operation_id,health_status,created_timestamp,updated_timestamp) VALUES (5,5,NULL,'0bb81f2d-15b8-4049-9681-eb51310763eb','3233a664-1922-4637-8319-cd6fd3ec566b','INSTANTIATED',current_timestamp,current_timestamp);
INSERT INTO app_lcm_schema.artifact_instance (app_instance_id,app_on_boarding_artifact_id,status_message,workload_instance_id,operation_id,health_status,created_timestamp,updated_timestamp) VALUES (6,6,NULL,'0bb81f2d-15b8-4049-9681-eb51310763eb','3233a664-1922-4637-8319-cd6fd3ec566b','INSTANTIATED',current_timestamp,current_timestamp);
INSERT INTO app_lcm_schema.artifact_instance (app_instance_id,app_on_boarding_artifact_id,status_message,workload_instance_id,operation_id,health_status,created_timestamp,updated_timestamp) VALUES (7,7,NULL,'0bb81f2d-15b8-4049-9681-eb51310763eb','3233a664-1922-4637-8319-cd6fd3ec566b','INSTANTIATED',current_timestamp,current_timestamp);
INSERT INTO app_lcm_schema.artifact_instance (app_instance_id,app_on_boarding_artifact_id,status_message,workload_instance_id,operation_id,health_status,created_timestamp,updated_timestamp) VALUES (8,8,NULL,'0bb81f2d-15b8-4049-9681-eb51310763eb','3233a664-1922-4637-8319-cd6fd3ec566b','INSTANTIATED',current_timestamp,current_timestamp);
INSERT INTO app_lcm_schema.artifact_instance (app_instance_id,app_on_boarding_artifact_id,status_message,workload_instance_id,operation_id,health_status,created_timestamp,updated_timestamp) VALUES (9,9,NULL,'0bb81f2d-15b8-4049-9681-eb51310763eb','3233a664-1922-4637-8319-cd6fd3ec566b','INSTANTIATED',current_timestamp,current_timestamp);
INSERT INTO app_lcm_schema.artifact_instance (app_instance_id,app_on_boarding_artifact_id,status_message,workload_instance_id,operation_id,health_status,created_timestamp,updated_timestamp) VALUES (10,10,NULL,'0bb81f2d-15b8-4049-9681-eb51310763eb','3233a664-1922-4637-8319-cd6fd3ec566b','INSTANTIATED',current_timestamp,current_timestamp);
INSERT INTO app_lcm_schema.artifact_instance (app_instance_id,app_on_boarding_artifact_id,status_message,workload_instance_id,operation_id,health_status,created_timestamp,updated_timestamp) VALUES (11,11,NULL,'0bb81f2d-15b8-4049-9681-eb51310763eb','3233a664-1922-4637-8319-cd6fd3ec566b','INSTANTIATED',current_timestamp,current_timestamp);
INSERT INTO app_lcm_schema.artifact_instance (app_instance_id,app_on_boarding_artifact_id,status_message,workload_instance_id,operation_id,health_status,created_timestamp,updated_timestamp) VALUES (12,12,NULL,'0bb81f2d-15b8-4049-9681-eb51310763eb','3233a664-1922-4637-8319-cd6fd3ec566b','INSTANTIATED',current_timestamp,current_timestamp);
INSERT INTO app_lcm_schema.artifact_instance (app_instance_id,app_on_boarding_artifact_id,status_message,workload_instance_id,operation_id,health_status,created_timestamp,updated_timestamp) VALUES (13,13,NULL,'0bb81f2d-15b8-4049-9681-eb51310763eb','3233a664-1922-4637-8319-cd6fd3ec566b','INSTANTIATED',current_timestamp,current_timestamp);
INSERT INTO app_lcm_schema.artifact_instance (app_instance_id,app_on_boarding_artifact_id,status_message,workload_instance_id,operation_id,health_status,created_timestamp,updated_timestamp) VALUES (14,14,NULL,'0bb81f2d-15b8-4049-9681-eb51310763eb','3233a664-1922-4637-8319-cd6fd3ec566b','INSTANTIATED',current_timestamp,current_timestamp);
INSERT INTO app_lcm_schema.artifact_instance (app_instance_id,app_on_boarding_artifact_id,status_message,workload_instance_id,operation_id,health_status,created_timestamp,updated_timestamp) VALUES (15,15,NULL,'0bb81f2d-15b8-4049-9681-eb51310763eb','3233a664-1922-4637-8319-cd6fd3ec566b','INSTANTIATED',current_timestamp,current_timestamp);
INSERT INTO app_lcm_schema.artifact_instance (app_instance_id,app_on_boarding_artifact_id,status_message,workload_instance_id,operation_id,health_status,created_timestamp,updated_timestamp) VALUES (16,16,NULL,'0bb81f2d-15b8-4049-9681-eb51310763eb','3233a664-1922-4637-8319-cd6fd3ec566b','INSTANTIATED',current_timestamp,current_timestamp);
INSERT INTO app_lcm_schema.artifact_instance (app_instance_id,app_on_boarding_artifact_id,status_message,workload_instance_id,operation_id,health_status,created_timestamp,updated_timestamp) VALUES (17,17,NULL,'0bb81f2d-15b8-4049-9681-eb51310763eb','3233a664-1922-4637-8319-cd6fd3ec566b','INSTANTIATED',current_timestamp,current_timestamp);
INSERT INTO app_lcm_schema.artifact_instance (app_instance_id,app_on_boarding_artifact_id,status_message,workload_instance_id,operation_id,health_status,created_timestamp,updated_timestamp) VALUES (18,18,NULL,'0bb81f2d-15b8-4049-9681-eb51310763eb','3233a664-1922-4637-8319-cd6fd3ec566b','INSTANTIATED',current_timestamp,current_timestamp);
INSERT INTO app_lcm_schema.artifact_instance (app_instance_id,app_on_boarding_artifact_id,status_message,workload_instance_id,operation_id,health_status,created_timestamp,updated_timestamp) VALUES (19,19,NULL,'0bb81f2d-15b8-4049-9681-eb51310763eb','3233a664-1922-4637-8319-cd6fd3ec566b','INSTANTIATED',current_timestamp,current_timestamp);
INSERT INTO app_lcm_schema.artifact_instance (app_instance_id,app_on_boarding_artifact_id,status_message,workload_instance_id,operation_id,health_status,created_timestamp,updated_timestamp) VALUES (20,20,NULL,'0bb81f2d-15b8-4049-9681-eb51310763eb','3233a664-1922-4637-8319-cd6fd3ec566b','INSTANTIATED',current_timestamp,current_timestamp);
INSERT INTO app_lcm_schema.artifact_instance (app_instance_id,app_on_boarding_artifact_id,status_message,workload_instance_id,operation_id,health_status,created_timestamp,updated_timestamp) VALUES (21,21,NULL,'0bb81f2d-15b8-4049-9681-eb51310763eb','3233a664-1922-4637-8319-cd6fd3ec566b','INSTANTIATED',current_timestamp,current_timestamp);
INSERT INTO app_lcm_schema.artifact_instance (app_instance_id,app_on_boarding_artifact_id,status_message,workload_instance_id,operation_id,health_status,created_timestamp,updated_timestamp) VALUES (22,22,NULL,'0bb81f2d-15b8-4049-9681-eb51310763eb','3233a664-1922-4637-8319-cd6fd3ec566b','INSTANTIATED',current_timestamp,current_timestamp);
INSERT INTO app_lcm_schema.artifact_instance (app_instance_id,app_on_boarding_artifact_id,status_message,workload_instance_id,operation_id,health_status,created_timestamp,updated_timestamp) VALUES (23,23,NULL,'0bb81f2d-15b8-4049-9681-eb51310763eb','3233a664-1922-4637-8319-cd6fd3ec566b','INSTANTIATED',current_timestamp,current_timestamp);
INSERT INTO app_lcm_schema.artifact_instance (app_instance_id,app_on_boarding_artifact_id,status_message,workload_instance_id,operation_id,health_status,created_timestamp,updated_timestamp) VALUES (24,24,NULL,'0bb81f2d-15b8-4049-9681-eb51310763eb','3233a664-1922-4637-8319-cd6fd3ec566b','INSTANTIATED',current_timestamp,current_timestamp);
INSERT INTO app_lcm_schema.artifact_instance (app_instance_id,app_on_boarding_artifact_id,status_message,workload_instance_id,operation_id,health_status,created_timestamp,updated_timestamp) VALUES (25,25,NULL,'0bb81f2d-15b8-4049-9681-eb51310763eb','3233a664-1922-4637-8319-cd6fd3ec566b','INSTANTIATED',current_timestamp,current_timestamp);
INSERT INTO app_lcm_schema.artifact_instance (app_instance_id,app_on_boarding_artifact_id,status_message,workload_instance_id,operation_id,health_status,created_timestamp,updated_timestamp) VALUES (26,26,NULL,'0bb81f2d-15b8-4049-9681-eb51310763eb','3233a664-1922-4637-8319-cd6fd3ec566b','INSTANTIATED',current_timestamp,current_timestamp);
INSERT INTO app_lcm_schema.artifact_instance (app_instance_id,app_on_boarding_artifact_id,status_message,workload_instance_id,operation_id,health_status,created_timestamp,updated_timestamp) VALUES (27,27,NULL,'0bb81f2d-15b8-4049-9681-eb51310763eb','3233a664-1922-4637-8319-cd6fd3ec566b','INSTANTIATED',current_timestamp,current_timestamp);
INSERT INTO app_lcm_schema.artifact_instance (app_instance_id,app_on_boarding_artifact_id,status_message,workload_instance_id,operation_id,health_status,created_timestamp,updated_timestamp) VALUES (28,28,NULL,'0bb81f2d-15b8-4049-9681-eb51310763eb','3233a664-1922-4637-8319-cd6fd3ec566b','INSTANTIATED',current_timestamp,current_timestamp);
INSERT INTO app_lcm_schema.artifact_instance (app_instance_id,app_on_boarding_artifact_id,status_message,workload_instance_id,operation_id,health_status,created_timestamp,updated_timestamp) VALUES (29,29,NULL,'0bb81f2d-15b8-4049-9681-eb51310763eb','3233a664-1922-4637-8319-cd6fd3ec566b','INSTANTIATED',current_timestamp,current_timestamp);
INSERT INTO app_lcm_schema.artifact_instance (app_instance_id,app_on_boarding_artifact_id,status_message,workload_instance_id,operation_id,health_status,created_timestamp,updated_timestamp) VALUES (30,30,NULL,'0bb81f2d-15b8-4049-9681-eb51310763eb','3233a664-1922-4637-8319-cd6fd3ec566b','INSTANTIATED',current_timestamp,current_timestamp);

INSERT INTO app_lcm_schema.credential_event (client_id,app_on_boarding_app_id,client_secret,health_status,created_timestamp,updated_timestamp,client_scope,deletion_status) VALUES ('rappid_1_1678411098336',1,'QGD97AEWcg2HyylDGCrQLNZfjTRvzE1P','CREATED',current_timestamp,current_timestamp,'eric-oss-5gcnr-1.0.0-1',NULL);
INSERT INTO app_lcm_schema.credential_event (client_id,app_on_boarding_app_id,client_secret,health_status,created_timestamp,updated_timestamp,client_scope,deletion_status) VALUES ('rappid_1_1678411098336',2,'QGD97AEWcg2HyylDGCrQLNZfjTRvzE1P','CREATED',current_timestamp,current_timestamp,'eric-oss-5gcnr-1.0.0-2',NULL);
INSERT INTO app_lcm_schema.credential_event (client_id,app_on_boarding_app_id,client_secret,health_status,created_timestamp,updated_timestamp,client_scope,deletion_status) VALUES ('rappid_1_1678411098336',3,'QGD97AEWcg2HyylDGCrQLNZfjTRvzE1P','CREATED',current_timestamp,current_timestamp,'eric-oss-5gcnr-1.0.0-3',NULL);
INSERT INTO app_lcm_schema.credential_event (client_id,app_on_boarding_app_id,client_secret,health_status,created_timestamp,updated_timestamp,client_scope,deletion_status) VALUES ('rappid_1_1678411098336',4,'QGD97AEWcg2HyylDGCrQLNZfjTRvzE1P','CREATED',current_timestamp,current_timestamp,'eric-oss-5gcnr-1.0.0-4',NULL);
INSERT INTO app_lcm_schema.credential_event (client_id,app_on_boarding_app_id,client_secret,health_status,created_timestamp,updated_timestamp,client_scope,deletion_status) VALUES ('rappid_1_1678411098336',5,'QGD97AEWcg2HyylDGCrQLNZfjTRvzE1P','CREATED',current_timestamp,current_timestamp,'eric-oss-5gcnr-1.0.0-5',NULL);
INSERT INTO app_lcm_schema.credential_event (client_id,app_on_boarding_app_id,client_secret,health_status,created_timestamp,updated_timestamp,client_scope,deletion_status) VALUES ('rappid_1_1678411098336',6,'QGD97AEWcg2HyylDGCrQLNZfjTRvzE1P','CREATED',current_timestamp,current_timestamp,'eric-oss-5gcnr-1.0.0-6',NULL);
INSERT INTO app_lcm_schema.credential_event (client_id,app_on_boarding_app_id,client_secret,health_status,created_timestamp,updated_timestamp,client_scope,deletion_status) VALUES ('rappid_1_1678411098336',7,'QGD97AEWcg2HyylDGCrQLNZfjTRvzE1P','CREATED',current_timestamp,current_timestamp,'eric-oss-5gcnr-1.0.0-7',NULL);
INSERT INTO app_lcm_schema.credential_event (client_id,app_on_boarding_app_id,client_secret,health_status,created_timestamp,updated_timestamp,client_scope,deletion_status) VALUES ('rappid_1_1678411098336',8,'QGD97AEWcg2HyylDGCrQLNZfjTRvzE1P','CREATED',current_timestamp,current_timestamp,'eric-oss-5gcnr-1.0.0-8',NULL);
INSERT INTO app_lcm_schema.credential_event (client_id,app_on_boarding_app_id,client_secret,health_status,created_timestamp,updated_timestamp,client_scope,deletion_status) VALUES ('rappid_1_1678411098336',9,'QGD97AEWcg2HyylDGCrQLNZfjTRvzE1P','CREATED',current_timestamp,current_timestamp,'eric-oss-5gcnr-1.0.0-9',NULL);
INSERT INTO app_lcm_schema.credential_event (client_id,app_on_boarding_app_id,client_secret,health_status,created_timestamp,updated_timestamp,client_scope,deletion_status) VALUES ('rappid_1_1678411098336',10,'QGD97AEWcg2HyylDGCrQLNZfjTRvzE1P','CREATED',current_timestamp,current_timestamp,'eric-oss-5gcnr-1.0.0-10',NULL);
INSERT INTO app_lcm_schema.credential_event (client_id,app_on_boarding_app_id,client_secret,health_status,created_timestamp,updated_timestamp,client_scope,deletion_status) VALUES ('rappid_1_1678411098336',11,'QGD97AEWcg2HyylDGCrQLNZfjTRvzE1P','CREATED',current_timestamp,current_timestamp,'eric-oss-5gcnr-1.0.0-11',NULL);
INSERT INTO app_lcm_schema.credential_event (client_id,app_on_boarding_app_id,client_secret,health_status,created_timestamp,updated_timestamp,client_scope,deletion_status) VALUES ('rappid_1_1678411098336',12,'QGD97AEWcg2HyylDGCrQLNZfjTRvzE1P','CREATED',current_timestamp,current_timestamp,'eric-oss-5gcnr-1.0.0-12',NULL);
INSERT INTO app_lcm_schema.credential_event (client_id,app_on_boarding_app_id,client_secret,health_status,created_timestamp,updated_timestamp,client_scope,deletion_status) VALUES ('rappid_1_1678411098336',13,'QGD97AEWcg2HyylDGCrQLNZfjTRvzE1P','CREATED',current_timestamp,current_timestamp,'eric-oss-5gcnr-1.0.0-13',NULL);
INSERT INTO app_lcm_schema.credential_event (client_id,app_on_boarding_app_id,client_secret,health_status,created_timestamp,updated_timestamp,client_scope,deletion_status) VALUES ('rappid_1_1678411098336',14,'QGD97AEWcg2HyylDGCrQLNZfjTRvzE1P','CREATED',current_timestamp,current_timestamp,'eric-oss-5gcnr-1.0.0-14',NULL);
INSERT INTO app_lcm_schema.credential_event (client_id,app_on_boarding_app_id,client_secret,health_status,created_timestamp,updated_timestamp,client_scope,deletion_status) VALUES ('rappid_1_1678411098336',15,'QGD97AEWcg2HyylDGCrQLNZfjTRvzE1P','CREATED',current_timestamp,current_timestamp,'eric-oss-5gcnr-1.0.0-15',NULL);
INSERT INTO app_lcm_schema.credential_event (client_id,app_on_boarding_app_id,client_secret,health_status,created_timestamp,updated_timestamp,client_scope,deletion_status) VALUES ('rappid_1_1678411098336',16,'QGD97AEWcg2HyylDGCrQLNZfjTRvzE1P','CREATED',current_timestamp,current_timestamp,'eric-oss-5gcnr-1.0.0-16',NULL);
INSERT INTO app_lcm_schema.credential_event (client_id,app_on_boarding_app_id,client_secret,health_status,created_timestamp,updated_timestamp,client_scope,deletion_status) VALUES ('rappid_1_1678411098336',17,'QGD97AEWcg2HyylDGCrQLNZfjTRvzE1P','CREATED',current_timestamp,current_timestamp,'eric-oss-5gcnr-1.0.0-17',NULL);
INSERT INTO app_lcm_schema.credential_event (client_id,app_on_boarding_app_id,client_secret,health_status,created_timestamp,updated_timestamp,client_scope,deletion_status) VALUES ('rappid_1_1678411098336',18,'QGD97AEWcg2HyylDGCrQLNZfjTRvzE1P','CREATED',current_timestamp,current_timestamp,'eric-oss-5gcnr-1.0.0-18',NULL);
INSERT INTO app_lcm_schema.credential_event (client_id,app_on_boarding_app_id,client_secret,health_status,created_timestamp,updated_timestamp,client_scope,deletion_status) VALUES ('rappid_1_1678411098336',19,'QGD97AEWcg2HyylDGCrQLNZfjTRvzE1P','CREATED',current_timestamp,current_timestamp,'eric-oss-5gcnr-1.0.0-19',NULL);
INSERT INTO app_lcm_schema.credential_event (client_id,app_on_boarding_app_id,client_secret,health_status,created_timestamp,updated_timestamp,client_scope,deletion_status) VALUES ('rappid_1_1678411098336',20,'QGD97AEWcg2HyylDGCrQLNZfjTRvzE1P','CREATED',current_timestamp,current_timestamp,'eric-oss-5gcnr-1.0.0-20',NULL);
INSERT INTO app_lcm_schema.credential_event (client_id,app_on_boarding_app_id,client_secret,health_status,created_timestamp,updated_timestamp,client_scope,deletion_status) VALUES ('rappid_1_1678411098336',21,'QGD97AEWcg2HyylDGCrQLNZfjTRvzE1P','CREATED',current_timestamp,current_timestamp,'eric-oss-5gcnr-1.0.0-21',NULL);
INSERT INTO app_lcm_schema.credential_event (client_id,app_on_boarding_app_id,client_secret,health_status,created_timestamp,updated_timestamp,client_scope,deletion_status) VALUES ('rappid_1_1678411098336',22,'QGD97AEWcg2HyylDGCrQLNZfjTRvzE1P','CREATED',current_timestamp,current_timestamp,'eric-oss-5gcnr-1.0.0-22',NULL);
INSERT INTO app_lcm_schema.credential_event (client_id,app_on_boarding_app_id,client_secret,health_status,created_timestamp,updated_timestamp,client_scope,deletion_status) VALUES ('rappid_1_1678411098336',23,'QGD97AEWcg2HyylDGCrQLNZfjTRvzE1P','CREATED',current_timestamp,current_timestamp,'eric-oss-5gcnr-1.0.0-23',NULL);
INSERT INTO app_lcm_schema.credential_event (client_id,app_on_boarding_app_id,client_secret,health_status,created_timestamp,updated_timestamp,client_scope,deletion_status) VALUES ('rappid_1_1678411098336',24,'QGD97AEWcg2HyylDGCrQLNZfjTRvzE1P','CREATED',current_timestamp,current_timestamp,'eric-oss-5gcnr-1.0.0-24',NULL);
INSERT INTO app_lcm_schema.credential_event (client_id,app_on_boarding_app_id,client_secret,health_status,created_timestamp,updated_timestamp,client_scope,deletion_status) VALUES ('rappid_1_1678411098336',25,'QGD97AEWcg2HyylDGCrQLNZfjTRvzE1P','CREATED',current_timestamp,current_timestamp,'eric-oss-5gcnr-1.0.0-25',NULL);
INSERT INTO app_lcm_schema.credential_event (client_id,app_on_boarding_app_id,client_secret,health_status,created_timestamp,updated_timestamp,client_scope,deletion_status) VALUES ('rappid_1_1678411098336',26,'QGD97AEWcg2HyylDGCrQLNZfjTRvzE1P','CREATED',current_timestamp,current_timestamp,'eric-oss-5gcnr-1.0.0-26',NULL);
INSERT INTO app_lcm_schema.credential_event (client_id,app_on_boarding_app_id,client_secret,health_status,created_timestamp,updated_timestamp,client_scope,deletion_status) VALUES ('rappid_1_1678411098336',27,'QGD97AEWcg2HyylDGCrQLNZfjTRvzE1P','CREATED',current_timestamp,current_timestamp,'eric-oss-5gcnr-1.0.0-27',NULL);
INSERT INTO app_lcm_schema.credential_event (client_id,app_on_boarding_app_id,client_secret,health_status,created_timestamp,updated_timestamp,client_scope,deletion_status) VALUES ('rappid_1_1678411098336',28,'QGD97AEWcg2HyylDGCrQLNZfjTRvzE1P','CREATED',current_timestamp,current_timestamp,'eric-oss-5gcnr-1.0.0-28',NULL);
INSERT INTO app_lcm_schema.credential_event (client_id,app_on_boarding_app_id,client_secret,health_status,created_timestamp,updated_timestamp,client_scope,deletion_status) VALUES ('rappid_1_1678411098336',29,'QGD97AEWcg2HyylDGCrQLNZfjTRvzE1P','CREATED',current_timestamp,current_timestamp,'eric-oss-5gcnr-1.0.0-29',NULL);
INSERT INTO app_lcm_schema.credential_event (client_id,app_on_boarding_app_id,client_secret,health_status,created_timestamp,updated_timestamp,client_scope,deletion_status) VALUES ('rappid_1_1678411098336',30,'QGD97AEWcg2HyylDGCrQLNZfjTRvzE1P','CREATED',current_timestamp,current_timestamp,'eric-oss-5gcnr-1.0.0-30',NULL);
